dispersivity,stream_center,west_wetland,stream_west
1,0.068234,0,0.030971
0.1,0.17529,0.07024,0.042949
0.01,0.12707,0.075296,0.027788
